village_id,src_file,feature_idx,village_name,state,district,taluka,census_code,polygon_area_km2,multi_cell_flag,duplicate_code_flag,centroid_lat,centroid_lon,node_lat,node_lon,node_i,node_j,fine_elev_m,era5_elev_m,srtm_node_elev_m,dz_era5_m,dt_era5_c,direction,materiality,dz_srtm_m,dt_srtm_c,t_fine_mean_c,t_fine_max_c,t_fine_min_c,rh_downscaled_pct,rh_clamped_flag,eto_hs_mm_day,heat_stress_flag,high_irrigation_flag,wind_block_status,wind_tpi_status
ka.geojson:1601,ka.geojson,1601,Idu,KA,Udupi,Karkal,90030003000300006,26.8955,1,0,13.14088,75.14183,13.25,75.25,17,7,290.1,528.6,875.1,-238.5,1.55,WARMING,MATERIAL,-584.9,3.8,23.8,26.8,20.8,87.6,0,3.62,0,0,SOURCED — SOURCED FROM ARCO ERA5 10M WIND,ESTIMATED — NO SOURCE
ka.geojson:21860,ka.geojson,21860,Sunkadamakki,KA,Chikmagalur,Sringeri,70060006000600035,3.5989,0,0,13.36257,75.20591,13.25,75.25,17,7,708.2,528.6,875.1,179.6,-1.17,COOLING,MATERIAL,-166.8,1.08,21.09,24.09,18.09,100.0,1,3.39,0,0,SOURCED — SOURCED FROM ARCO ERA5 10M WIND,ESTIMATED — NO SOURCE
ka.geojson:21840,ka.geojson,21840,Nemmaru,KA,Chikmagalur,Sringeri,70060006000600034,5.8951,1,0,13.37385,75.23027,13.25,75.25,17,7,718.1,528.6,875.1,189.5,-1.23,COOLING,MATERIAL,-157.0,1.02,21.02,24.02,18.02,100.0,1,3.38,0,0,SOURCED — SOURCED FROM ARCO ERA5 10M WIND,ESTIMATED — NO SOURCE
ka.geojson:21876,ka.geojson,21876,Kere,KA,Chikmagalur,Sringeri,70060006000600047,17.2226,1,0,13.33699,75.12879,13.25,75.25,17,7,738.3,528.6,875.1,209.7,-1.36,COOLING,MATERIAL,-136.8,0.89,20.89,23.89,17.89,100.0,1,3.37,0,0,SOURCED — SOURCED FROM ARCO ERA5 10M WIND,ESTIMATED — NO SOURCE
ka.geojson:21859,ka.geojson,21859,Haruru (Harur),KA,Chikmagalur,Sringeri,70060006000600038,5.5634,1,0,13.35878,75.24435,13.25,75.25,17,7,743.3,528.6,875.1,214.8,-1.4,COOLING,MATERIAL,-131.7,0.86,20.86,23.86,17.86,100.0,1,3.37,0,0,SOURCED — SOURCED FROM ARCO ERA5 10M WIND,ESTIMATED — NO SOURCE
ka.geojson:21900,ka.geojson,21900,Gulaganjimane,KA,Chikmagalur,Sringeri,70060006000600044,7692.0269,0,0,13.33869,75.17783,13.25,75.25,17,7,745.7,528.6,875.1,217.1,-1.41,COOLING,MATERIAL,-129.4,0.84,20.84,23.84,17.84,100.0,1,3.37,0,0,SOURCED — SOURCED FROM ARCO ERA5 10M WIND,ESTIMATED — NO SOURCE
ka.geojson:21844,ka.geojson,21844,Kuthagodu,KA,Chikmagalur,Sringeri,70060006000600013,5.0568,1,0,13.37399,75.26544,13.25,75.25,17,7,759.8,528.6,875.1,231.2,-1.5,COOLING,MATERIAL,-115.3,0.75,20.75,23.75,17.75,100.0,1,3.36,0,0,SOURCED — SOURCED FROM ARCO ERA5 10M WIND,ESTIMATED — NO SOURCE
ka.geojson:21895,ka.geojson,21895,Byredevaru,KA,Chikmagalur,Koppa,70030003000300050,13.3038,0,0,13.34275,75.33699,13.25,75.25,17,7,767.4,528.6,875.1,238.8,-1.55,COOLING,MATERIAL,-107.7,0.7,20.7,23.7,17.7,100.0,1,3.36,0,0,SOURCED — SOURCED FROM ARCO ERA5 10M WIND,ESTIMATED — NO SOURCE
ka.geojson:21822,ka.geojson,21822,Balekadi,KA,Chikmagalur,Sringeri,70060006000600048,23.2465,1,0,13.35808,75.16144,13.25,75.25,17,7,785.9,528.6,875.1,257.3,-1.67,COOLING,MATERIAL,-89.2,0.58,20.58,23.58,17.58,100.0,1,3.34,0,0,SOURCED — SOURCED FROM ARCO ERA5 10M WIND,ESTIMATED — NO SOURCE
ka.geojson:21925,ka.geojson,21925,Mathuvalli Estate,KA,Chikmagalur,Sringeri,70060006000600043,0.7161,0,0,13.33408,75.19091,13.25,75.25,17,7,792.1,528.6,875.1,263.5,-1.71,COOLING,MATERIAL,-83.0,0.54,20.54,23.54,17.54,100.0,1,3.34,0,0,SOURCED — SOURCED FROM ARCO ERA5 10M WIND,ESTIMATED — NO SOURCE
ka.geojson:21831,ka.geojson,21831,Agalagandi,KA,Chikmagalur,Koppa,70030003000300053,9.5892,1,0,13.37417,75.33143,13.25,75.25,17,7,794.1,528.6,875.1,265.5,-1.73,COOLING,MATERIAL,-80.9,0.53,20.53,23.53,17.53,100.0,1,3.34,0,0,SOURCED — SOURCED FROM ARCO ERA5 10M WIND,ESTIMATED — NO SOURCE
ka.geojson:21870,ka.geojson,21870,Malanadu,KA,Chikmagalur,Sringeri,70060006000600039,20.1257,0,0,13.34785,75.26164,13.25,75.25,17,7,803.7,528.6,875.1,275.1,-1.79,COOLING,MATERIAL,-71.3,0.46,20.47,23.47,17.47,100.0,1,3.33,0,0,SOURCED — SOURCED FROM ARCO ERA5 10M WIND,ESTIMATED — NO SOURCE
ka.geojson:21879,ka.geojson,21879,Karki Khan Estate,KA,Chikmagalur,Sringeri,70060006000600036,4.3825,0,0,13.35384,75.2011,13.25,75.25,17,7,807.5,528.6,875.1,278.9,-1.81,COOLING,MATERIAL,-67.6,0.44,20.44,23.44,17.44,100.0,1,3.33,0,0,SOURCED — SOURCED FROM ARCO ERA5 10M WIND,ESTIMATED — NO SOURCE
ka.geojson:21886,ka.geojson,21886,Nemmar Estate,KA,Chikmagalur,Sringeri,70060006000600037,2.9927,0,0,13.35701,75.22308,13.25,75.25,17,7,821.4,528.6,875.1,292.8,-1.9,COOLING,MATERIAL,-53.6,0.35,20.35,23.35,17.35,100.0,1,3.32,0,0,SOURCED — SOURCED FROM ARCO ERA5 10M WIND,ESTIMATED — NO SOURCE
ka.geojson:21854,ka.geojson,21854,Huligardi,KA,Chikmagalur,Koppa,70030003000300052,5.7249,1,0,13.36812,75.3423,13.25,75.25,17,7,827.0,528.6,875.1,298.4,-1.94,COOLING,MATERIAL,-48.1,0.31,20.31,23.31,17.31,100.0,1,3.32,0,0,SOURCED — SOURCED FROM ARCO ERA5 10M WIND,ESTIMATED — NO SOURCE
ka.geojson:21868,ka.geojson,21868,Guddethota,KA,Chikmagalur,Koppa,70030003000300038,7.2819,1,0,13.35683,75.36236,13.25,75.25,17,7,836.8,528.6,875.1,308.2,-2.0,COOLING,MATERIAL,-38.2,0.25,20.25,23.25,17.25,100.0,1,3.32,0,0,SOURCED — SOURCED FROM ARCO ERA5 10M WIND,ESTIMATED — NO SOURCE
ka.geojson:21916,ka.geojson,21916,Haralane,KA,Chikmagalur,Koppa,70030003000300049,7.915,0,0,13.33734,75.29968,13.25,75.25,17,7,846.2,528.6,875.1,317.6,-2.06,COOLING,MATERIAL,-28.9,0.19,20.19,23.19,17.19,100.0,1,3.31,0,0,SOURCED — SOURCED FROM ARCO ERA5 10M WIND,ESTIMATED — NO SOURCE
ka.geojson:21913,ka.geojson,21913,Hadi,KA,Chikmagalur,Sringeri,70060006000600042,9.8831,0,0,13.31972,75.20764,13.25,75.25,17,7,864.6,528.6,875.1,336.0,-2.18,COOLING,MATERIAL,-10.4,0.07,20.07,23.07,17.07,100.0,1,3.3,0,0,SOURCED — SOURCED FROM ARCO ERA5 10M WIND,ESTIMATED — NO SOURCE
ka.geojson:21849,ka.geojson,21849,Heggaru,KA,Chikmagalur,Koppa,70030003000300051,10.4977,1,0,13.35892,75.30318,13.25,75.25,17,7,872.7,528.6,875.1,344.1,-2.24,COOLING,MATERIAL,-2.3,0.02,20.02,23.02,17.02,100.0,1,3.3,0,0,SOURCED — SOURCED FROM ARCO ERA5 10M WIND,ESTIMATED — NO SOURCE
ka.geojson:21862,ka.geojson,21862,Vate Bachalakhan,KA,Chikmagalur,Koppa,70030003000300037,1.537,1,0,13.37312,75.37367,13.25,75.25,17,7,889.5,528.6,875.1,360.9,-2.35,COOLING,MATERIAL,14.5,-0.09,19.91,22.91,16.91,100.0,1,3.29,0,0,SOURCED — SOURCED FROM ARCO ERA5 10M WIND,ESTIMATED — NO SOURCE
ka.geojson:21934,ka.geojson,21934,Hadikiruru,KA,Chikmagalur,Sringeri,70060006000600041,6.997,0,0,13.31335,75.21499,13.25,75.25,17,7,891.2,528.6,875.1,362.6,-2.36,COOLING,MATERIAL,16.1,-0.1,19.9,22.9,16.9,100.0,1,3.28,0,0,SOURCED — SOURCED FROM ARCO ERA5 10M WIND,ESTIMATED — NO SOURCE
ka.geojson:21956,ka.geojson,21956,Sheerlu,KA,Chikmagalur,Sringeri,70060006000600045,40.406,0,0,13.28118,75.16884,13.25,75.25,17,7,897.4,528.6,875.1,368.8,-2.4,COOLING,MATERIAL,22.3,-0.15,19.86,22.86,16.86,100.0,1,3.28,0,0,SOURCED — SOURCED FROM ARCO ERA5 10M WIND,ESTIMATED — NO SOURCE
ka.geojson:22237,ka.geojson,22237,Kalasa,KA,Chikmagalur,Mudigere,70040004000400128,26094.3671,1,0,13.23787,75.34778,13.25,75.25,17,7,933.6,528.6,875.1,405.0,-2.63,COOLING,MATERIAL,58.5,-0.38,19.62,22.62,16.62,100.0,1,3.26,0,0,SOURCED — SOURCED FROM ARCO ERA5 10M WIND,ESTIMATED — NO SOURCE
ka.geojson:22247,ka.geojson,22247,Herthanakudige,KA,Chikmagalur,Koppa,70030003000300044,1809.8094,0,0,13.32156,75.36844,13.25,75.25,17,7,938.9,528.6,875.1,410.3,-2.67,COOLING,MATERIAL,63.9,-0.42,19.59,22.59,16.59,100.0,1,3.26,0,0,SOURCED — SOURCED FROM ARCO ERA5 10M WIND,ESTIMATED — NO SOURCE
ka.geojson:21920,ka.geojson,21920,Balagere,KA,Chikmagalur,Sringeri,70060006000600040,29.93,0,0,13.30147,75.24371,13.25,75.25,17,7,955.4,528.6,875.1,426.8,-2.77,COOLING,MATERIAL,80.3,-0.52,19.48,22.48,16.48,100.0,1,3.25,0,0,SOURCED — SOURCED FROM ARCO ERA5 10M WIND,ESTIMATED — NO SOURCE
ka.geojson:21917,ka.geojson,21917,Bethadakolalu,KA,Chikmagalur,Koppa,70030003000300045,9416.2264,1,0,13.32727,75.36928,13.25,75.25,17,7,986.2,528.6,875.1,457.6,-2.97,COOLING,MATERIAL,111.1,-0.72,19.28,22.28,16.28,100.0,1,3.23,0,0,SOURCED — SOURCED FROM ARCO ERA5 10M WIND,ESTIMATED — NO SOURCE
ka.geojson:22063,ka.geojson,22063,Kudremukh Notified Area Nac,KA,Chikmagalur,Mudigere,7105000,47.4538,0,0,13.18211,75.24923,13.25,75.25,17,7,990.2,528.6,875.1,461.6,-3.0,COOLING,MATERIAL,115.1,-0.75,19.25,22.25,16.25,100.0,1,3.23,0,0,SOURCED — SOURCED FROM ARCO ERA5 10M WIND,ESTIMATED — NO SOURCE
ka.geojson:21928,ka.geojson,21928,Megur,KA,Chikmagalur,Koppa,70030003000300048,16.941,0,0,13.31485,75.28721,13.25,75.25,17,7,1023.1,528.6,875.1,494.5,-3.21,COOLING,MATERIAL,148.1,-0.96,19.04,22.04,16.04,100.0,1,3.21,0,0,SOURCED — SOURCED FROM ARCO ERA5 10M WIND,ESTIMATED — NO SOURCE
ka.geojson:21935,ka.geojson,21935,Kallugudde,KA,Chikmagalur,Koppa,70030003000300047,24.4322,0,0,13.30266,75.32443,13.25,75.25,17,7,1023.2,528.6,875.1,494.6,-3.22,COOLING,MATERIAL,148.1,-0.96,19.04,22.04,16.04,100.0,1,3.21,0,0,SOURCED — SOURCED FROM ARCO ERA5 10M WIND,ESTIMATED — NO SOURCE
ka.geojson:21988,ka.geojson,21988,Kalakodu,KA,Chikmagalur,Mudigere,70040004000400130,28.6846,0,0,13.23699,75.29041,13.25,75.25,17,7,1026.7,528.6,875.1,498.1,-3.24,COOLING,MATERIAL,151.6,-0.99,19.02,22.02,16.02,100.0,1,3.21,0,0,SOURCED — SOURCED FROM ARCO ERA5 10M WIND,ESTIMATED — NO SOURCE
ka.geojson:21947,ka.geojson,21947,Attikudige,KA,Chikmagalur,Koppa,70030003000300046,10.3227,1,0,13.30503,75.36308,13.25,75.25,17,7,1049.4,528.6,875.1,520.8,-3.39,COOLING,MATERIAL,174.3,-1.13,18.87,21.87,15.87,100.0,1,3.19,0,0,SOURCED — SOURCED FROM ARCO ERA5 10M WIND,ESTIMATED — NO SOURCE
ka.geojson:21986,ka.geojson,21986,Hornadu,KA,Chikmagalur,Mudigere,70040004000400131,29.8151,0,0,13.27214,75.34027,13.25,75.25,17,7,1051.9,528.6,875.1,523.3,-3.4,COOLING,MATERIAL,176.9,-1.15,18.85,21.85,15.85,100.0,1,3.19,0,0,SOURCED — SOURCED FROM ARCO ERA5 10M WIND,ESTIMATED — NO SOURCE
ka.geojson:22013,ka.geojson,22013,Samse,KA,Chikmagalur,Mudigere,70040004000400129,57853.2271,1,0,13.19014,75.27574,13.25,75.25,17,7,1091.9,528.6,875.1,563.3,-3.66,COOLING,MATERIAL,216.9,-1.41,18.59,21.59,15.59,100.0,1,3.17,0,0,SOURCED — SOURCED FROM ARCO ERA5 10M WIND,ESTIMATED — NO SOURCE
